Date,Action,Type,Name,Count_or_Note
2026-01-06,Created,Contest,level_41_1,4 problems
2026-01-07,Created,Contest,level_42_1,4 problems
2026-01-08,Created,Contest,contest_3,4 problems
2026-01-12,Created,Contest,12-1-26,4 problems
2026-01-14,Created,Contest,14-1-26,2 problems
2026-01-19,Created,Contest,19-1-26,4 problems
2026-01-24,Created,Gym,2017 ACM-ICPC, Universidad Nacional de Colombia Programming Contest,15 problems
2026-01-30,Created,Contest,test,3 problems
2026-01-30,Created,Contest,Codeforces Round 1076 (Div. 3),7 problems
2026-01-31,Created,Contest,noon Q,10 problems
2026-02-03,Archived,Contest,12-1-26,
2026-02-03,Archived,Contest,14-1-26,
2026-02-03,Created,Contest,3-2-26,4 problems
2026-02-04,Created,Contest,4-2-26,4 problems
